{
  "n": 38,
  "k": 5,
  "gbrain": {
    "P@k": 0.28421052631578947,
    "R@k": 0.8728070175438598
  },
  "hydra": {
    "P@k": 0.31578947368421045,
    "R@k": 1.0
  }
}